URL,Ãšltimo rastreo
https://gard.cl/blog/los-beneficios-del-outsourcing-de-personal-de-seguridad-para-tu-empresa,2025-04-11
https://gard.cl/blog/page/4,2025-04-11
https://gard.cl/rancagua/seguridad-perimetral,2025-04-11
https://gard.cl/industrias,2025-04-10
https://gard.cl/servicios/seguridad-electronica/hoteleria-y-turismo,2025-04-09
https://gard.cl/vina-del-mar/prevencion-intrusiones,2025-04-09
https://gard.cl/rancagua/drones-seguridad,2025-04-09
https://gard.cl/servicios/seguridad-electronica/transporte-y-logistica,2025-04-09
https://gard.cl/valparaiso/prevencion-intrusiones,2025-04-09
https://gard.cl/chillan/auditoria-seguridad,2025-04-09
https://gard.cl/santiago/central-monitoreo,2025-04-09
https://gard.cl/concepcion/prevencion-intrusiones,2025-04-09
https://gard.cl/blog/seguridad-en-retail,2025-04-09
https://gard.cl/vina-del-mar/seguridad-electronica,2025-04-09
https://gard.cl/santiago/drones-seguridad,2025-04-08
https://gard.cl/rancagua/seguridad-electronica,2025-04-08
https://gard.cl/concepcion/drones-seguridad,2025-04-08
https://gard.cl/vina-del-mar/consultoria,2025-04-08
https://gard.cl/antofagasta/seguridad-electronica,2025-04-08
https://gard.cl/iquique/central-monitoreo,2025-04-08
https://gard.cl/rancagua/auditoria-seguridad,2025-04-08
https://gard.cl/blog/tag/seguridad,2025-04-08
https://gard.cl/puerto-montt/prevencion-intrusiones,2025-04-08
https://gard.cl/blog/tag/nueva ley,2025-04-08
https://gard.cl/vina-del-mar/auditoria-seguridad,2025-04-08
https://gard.cl/chillan/guardias-de-seguridad,2025-04-08
https://gard.cl/temuco/drones-seguridad,2025-04-08
https://gard.cl/iquique/consultoria,2025-04-08
https://gard.cl/vina-del-mar/guardias-de-seguridad,2025-04-08
https://gard.cl/valparaiso/drones-seguridad,2025-04-08
https://gard.cl/concepcion/consultoria,2025-04-08
https://gard.cl/santiago/auditoria-seguridad,2025-04-08
https://gard.cl/puerto-montt/seguridad-perimetral,2025-04-08
https://gard.cl/antofagasta/auditoria-seguridad,2025-04-08
https://gard.cl/temuco/central-monitoreo,2025-04-08
https://gard.cl/concepcion/auditoria-seguridad,2025-04-08
https://gard.cl/vina-del-mar/seguridad-perimetral,2025-04-08
https://gard.cl/chillan/seguridad-electronica,2025-04-08
https://gard.cl/antofagasta/prevencion-intrusiones,2025-04-08
https://gard.cl/valparaiso/seguridad-electronica,2025-04-08
https://gard.cl/antofagasta/drones-seguridad,2025-04-08
https://gard.cl/antofagasta/consultoria,2025-04-08
https://gard.cl/chillan/drones-seguridad,2025-04-08
https://gard.cl/puerto-montt/guardias-de-seguridad,2025-04-08
https://gard.cl/puerto-montt/central-monitoreo,2025-04-08
https://gard.cl/temuco/consultoria,2025-04-07
https://gard.cl/temuco/guardias-de-seguridad,2025-04-07
https://gard.cl/concepcion/guardias-de-seguridad,2025-04-07
https://gard.cl/valparaiso/seguridad-perimetral,2025-04-07
https://gard.cl/blog/gard-security-la-mejor-empresa-de-seguridad-en-chile,2025-04-07
https://gard.cl/santiago/guardias-de-seguridad,2025-04-07
https://gard.cl/vina-del-mar/drones-seguridad,2025-04-07
https://gard.cl/servicios/drones-seguridad,2025-04-07
https://gard.cl/santiago/prevencion-intrusiones,2025-04-07
https://gard.cl/iquique/prevencion-intrusiones,2025-04-07
https://gard.cl/puerto-montt/drones-seguridad,2025-04-07
https://gard.cl/vina-del-mar/central-monitoreo,2025-04-07
https://gard.cl/antofagasta/seguridad-perimetral,2025-04-07
https://gard.cl/blog/tag/normativa,2025-04-07
https://gard.cl/chillan/prevencion-intrusiones,2025-04-07
https://gard.cl/valparaiso/consultoria,2025-04-07
https://gard.cl/servicios/seguridad-electronica,2025-04-07
https://gard.cl/blog/page/8,2025-04-07
https://gard.cl/santiago/consultoria,2025-04-07
https://gard.cl/chillan/consultoria,2025-04-07
https://gard.cl/temuco/auditoria-seguridad,2025-04-07
https://gard.cl/concepcion/seguridad-electronica,2025-04-07
https://gard.cl/concepcion/seguridad-perimetral,2025-04-07
https://gard.cl/valparaiso/central-monitoreo,2025-04-07
https://gard.cl/puerto-montt/seguridad-electronica,2025-04-07
https://gard.cl/rancagua/guardias-de-seguridad,2025-04-07
https://gard.cl/temuco/seguridad-electronica,2025-04-07
https://gard.cl/rancagua/central-monitoreo,2025-04-07
https://gard.cl/iquique/seguridad-electronica,2025-04-07
https://gard.cl/iquique/guardias-de-seguridad,2025-04-07
https://gard.cl/santiago/seguridad-electronica,2025-04-07
https://gard.cl/chillan/seguridad-perimetral,2025-04-07
https://gard.cl/valparaiso/auditoria-seguridad,2025-04-07
https://gard.cl/valparaiso/guardias-de-seguridad,2025-04-07
https://gard.cl/antofagasta/guardias-de-seguridad,2025-04-07
https://gard.cl/santiago/seguridad-perimetral,2025-04-07
https://gard.cl/puerto-montt/auditoria-seguridad,2025-04-07
https://gard.cl/temuco/prevencion-intrusiones,2025-04-07
https://gard.cl/puerto-montt/consultoria,2025-04-07
https://gard.cl/antofagasta/central-monitoreo,2025-04-07
https://gard.cl/iquique/drones-seguridad,2025-04-07
https://gard.cl/chillan/central-monitoreo,2025-04-07
https://gard.cl/iquique/auditoria-seguridad,2025-04-06
https://gard.cl/servicios/guardias-de-seguridad/eventos-y-espectaculos,2025-04-06
https://gard.cl/concepcion/central-monitoreo,2025-04-06
https://gard.cl/blog/tag/vigilantes,2025-04-06
https://gard.cl/blog/tag/empresas de seguridad,2025-04-06
https://gard.cl/blog/impacto-nueva-ley-seguridad-privada-empresas,2025-04-06
https://gard.cl/blog/tag/seguridad privada,2025-04-06
https://gard.cl/blog/tag/empresa de seguridad/page/4,2025-04-05
https://gard.cl/servicios/central-monitoreo,2025-04-04
https://gard.cl/blog/tag/guardias/page/4,2025-04-04
https://gard.cl/blog/tag/seguridad/page/2,2025-04-03
https://gard.cl/blog/tag/seguridad/page/4,2025-04-03
https://gard.cl/blog/tag/guardias/page/5,2025-04-03
https://gard.cl/blog/tag/seguridad/page/6,2025-04-03
https://gard.cl/blog/tag/empresa de seguridad/page/3,2025-04-03
https://gard.cl/blog/tag/seguridad/page/3,2025-04-03
https://gard.cl/blog/tag/seguridad/page/7,2025-04-03
https://gard.cl/industrias/parques-industriales,2025-04-02
https://gard.cl/blog/robo-hormiga,2025-04-02
https://gard.cl/blog/ley-karin-en-seguridad-privada,2025-04-02
https://gard.cl/blog/la-importancia-de-la-central-de-monitoreo-en-la-seguridad-de-empresas,2025-04-02
https://gard.cl/blog/claves-en-la-seguridad-perimetral,2025-04-02
https://gard.cl/blog/seguridad-en-fiestas-patrias,2025-04-02
https://gard.cl/blog/control-de-rondas-online-beneficios-y-transparencia-en-la-seguridad-privada-con-gard,2025-04-02
https://gard.cl/blog/cotizar-servicios-de-seguridad-privada,2025-04-02
https://gard.cl/blog/importancia-de-los-guardias-de-seguridad-en-empresas-de-seguridad-privada,2025-04-02
https://gard.cl/blog/acreditacion-os10,2025-04-02
https://gard.cl/blog/seguridad-electronica-descubre-las-soluciones,2025-04-02
https://gard.cl/blog/ranking-2025-las-empresas-de-guardias-de-seguridad-mas-confiables-en-chile,2025-04-02
https://gard.cl/blog/prevencion-de-incendios-forestales,2025-04-02
https://gard.cl/blog/seguridad-de-alto-nivel-la-presencia-del-presidente-boric-en-el-clasico-del-futbol-chileno,2025-04-02
https://gard.cl/blog/empresas-de-seguridad-privada-servicios-beneficios-y-como-elegir-la-mejor-opcion,2025-04-02
https://gard.cl/blog/comparativa-entre-g4s-y-securitas-cual-es-la-mejor-opcion-y-por-que-gard-se-destaca-en-chile,2025-04-02
https://gard.cl/blog/innovacion-en-seguridad-privada-drones-en-seguridad,2025-04-02
https://gard.cl/guardias-de-seguridad,2025-04-02
https://gard.cl/blog/seguridad-privada-para-mineria,2025-04-02
https://gard.cl/blog/cortes-de-luz-masivos-en-chile-la-importancia-de-la-seguridad-privada-en-emergencias,2025-04-02
https://gard.cl/blog/listado-de-empresas-de-seguridad-en-chile,2025-04-02
https://gard.cl/blog/temporal-en-santiago-y-guardias-de-seguridad,2025-04-02
https://gard.cl/blog/la-revolucion-de-la-seguridad-con-drones-el-futuro-de-la-vigilancia,2025-04-02
https://gard.cl/blog/inteligencia-artificial-en-la-seguridad-privada,2025-04-02
https://gard.cl/blog/la-vigilancia-actual-un-esfuerzo-compartido,2025-04-02
https://gard.cl/servicios/consultoria,2025-04-02
https://gard.cl/blog/seguridad-privada-para-industrias,2025-04-02
https://gard.cl/blog/nueva-ley-de-seguridad-privada,2025-04-02
https://gard.cl/blog/seguridad-en-industrias-criticas,2025-04-02
https://gard.cl/blog/trabajo-de-guarida-de-seguridad,2025-04-02
https://gard.cl/tecnologias,2025-04-02
https://gard.cl/sobre-nosotros,2025-04-02
https://gard.cl/servicios/prevencion-intrusiones,2025-04-02
https://gard.cl/contacto/,2025-04-02
https://gard.cl/servicios/,2025-04-01
https://gard.cl/terminos,2025-04-01
https://gard.cl/blog/crisis-de-delincuencia,2025-04-01
https://gard.cl/?trk=organization_guest_main-feed-card-text,2025-04-01
https://gard.cl/contactanos/,2025-04-01
https://gard.cl/?jkit-ajax-request=jkit_elements,2025-03-31
https://gard.cl/?elementor_library=404,2025-03-27
https://gard.cl/mejor-empresa-de-seguridad/,2025-02-23