url,status,canonical,meta_robots,noindex,hreflang,title,h1,word_count,inlinks,outlinks,depth,template
https://www.gard.cl,,,index,follow,,,,,,,
https://www.gard.cl/servicios,,,index,follow,,,,,,,
https://www.gard.cl/industrias,,,index,follow,,,,,,,
https://www.gard.cl/sobre-nosotros,,,index,follow,,,,,,,
https://www.gard.cl/tecnologia-seguridad,,,index,follow,,,,,,,
https://www.gard.cl/contacto,,,index,follow,,,,,,,
https://www.gard.cl/privacidad,,,index,follow,,,,,,,
https://www.gard.cl/terminos,,,index,follow,,,,,,,
https://www.gard.cl/politica-ambiental,,,index,follow,,,,,,,
https://www.gard.cl/reclutamiento,,,index,follow,,,,,,,
https://www.gard.cl/blog,,,index,follow,,,,,,,
https://www.gard.cl/servicios/guardias-de-seguridad,,,index,follow,,,,,,,
https://www.gard.cl/servicios/seguridad-electronica,,,index,follow,,,,,,,
https://www.gard.cl/servicios/central-monitoreo,,,index,follow,,,,,,,
https://www.gard.cl/servicios/drones-seguridad,,,index,follow,,,,,,,
https://www.gard.cl/servicios/seguridad-perimetral,,,index,follow,,,,,,,
https://www.gard.cl/servicios/auditoria-seguridad,,,index,follow,,,,,,,
https://www.gard.cl/servicios/consultoria,,,index,follow,,,,,,,
https://www.gard.cl/servicios/prevencion-intrusiones,,,index,follow,,,,,,,
https://www.gard.cl/industrias/mineria,,,index,follow,,,,,,,
https://www.gard.cl/industrias/retail,,,index,follow,,,,,,,
https://www.gard.cl/industrias/eventos-y-espectaculos,,,index,follow,,,,,,,
https://www.gard.cl/industrias/bodegas,,,index,follow,,,,,,,
https://www.gard.cl/industrias/salud,,,index,follow,,,,,,,
https://www.gard.cl/industrias/educacion,,,index,follow,,,,,,,
https://www.gard.cl/industrias/edificios-corporativos,,,index,follow,,,,,,,
https://www.gard.cl/industrias/construccion,,,index,follow,,,,,,,
https://www.gard.cl/industrias/transporte-y-logistica,,,index,follow,,,,,,,
https://www.gard.cl/industrias/parques-industriales,,,index,follow,,,,,,,
https://www.gard.cl/industrias/instituciones-publicas,,,index,follow,,,,,,,
https://www.gard.cl/industrias/hoteleria-y-turismo,,,index,follow,,,,,,,
https://www.gard.cl/servicios-por-industria/guardias-de-seguridad/mineria,,,index,follow,,,,,,,
https://www.gard.cl/servicios-por-industria/guardias-de-seguridad/retail,,,index,follow,,,,,,,
https://www.gard.cl/servicios-por-industria/guardias-de-seguridad/eventos-y-espectaculos,,,index,follow,,,,,,,
https://www.gard.cl/servicios-por-industria/guardias-de-seguridad/bodegas,,,index,follow,,,,,,,
https://www.gard.cl/servicios-por-industria/guardias-de-seguridad/salud,,,index,follow,,,,,,,
https://www.gard.cl/servicios-por-industria/guardias-de-seguridad/educacion,,,index,follow,,,,,,,
https://www.gard.cl/servicios-por-industria/guardias-de-seguridad/edificios-corporativos,,,index,follow,,,,,,,
https://www.gard.cl/servicios-por-industria/guardias-de-seguridad/construccion,,,index,follow,,,,,,,
https://www.gard.cl/servicios-por-industria/guardias-de-seguridad/transporte-y-logistica,,,index,follow,,,,,,,
https://www.gard.cl/servicios-por-industria/guardias-de-seguridad/parques-industriales,,,index,follow,,,,,,,
https://www.gard.cl/servicios-por-industria/guardias-de-seguridad/instituciones-publicas,,,index,follow,,,,,,,
https://www.gard.cl/servicios-por-industria/guardias-de-seguridad/hoteleria-y-turismo,,,index,follow,,,,,,,
https://www.gard.cl/servicios-por-industria/seguridad-electronica/mineria,,,index,follow,,,,,,,
https://www.gard.cl/servicios-por-industria/seguridad-electronica/retail,,,index,follow,,,,,,,
https://www.gard.cl/servicios-por-industria/seguridad-electronica/eventos-y-espectaculos,,,index,follow,,,,,,,
https://www.gard.cl/servicios-por-industria/seguridad-electronica/bodegas,,,index,follow,,,,,,,
https://www.gard.cl/servicios-por-industria/seguridad-electronica/salud,,,index,follow,,,,,,,
https://www.gard.cl/servicios-por-industria/seguridad-electronica/educacion,,,index,follow,,,,,,,
https://www.gard.cl/servicios-por-industria/seguridad-electronica/edificios-corporativos,,,index,follow,,,,,,,
https://www.gard.cl/servicios-por-industria/seguridad-electronica/construccion,,,index,follow,,,,,,,
https://www.gard.cl/servicios-por-industria/seguridad-electronica/transporte-y-logistica,,,index,follow,,,,,,,
https://www.gard.cl/servicios-por-industria/seguridad-electronica/parques-industriales,,,index,follow,,,,,,,
https://www.gard.cl/servicios-por-industria/seguridad-electronica/instituciones-publicas,,,index,follow,,,,,,,
https://www.gard.cl/servicios-por-industria/seguridad-electronica/hoteleria-y-turismo,,,index,follow,,,,,,,
https://www.gard.cl/servicios-por-industria/central-monitoreo/mineria,,,index,follow,,,,,,,
https://www.gard.cl/servicios-por-industria/central-monitoreo/retail,,,index,follow,,,,,,,
https://www.gard.cl/servicios-por-industria/central-monitoreo/eventos-y-espectaculos,,,index,follow,,,,,,,
https://www.gard.cl/servicios-por-industria/central-monitoreo/bodegas,,,index,follow,,,,,,,
https://www.gard.cl/servicios-por-industria/central-monitoreo/salud,,,index,follow,,,,,,,
https://www.gard.cl/servicios-por-industria/central-monitoreo/educacion,,,index,follow,,,,,,,
https://www.gard.cl/servicios-por-industria/central-monitoreo/edificios-corporativos,,,index,follow,,,,,,,
https://www.gard.cl/servicios-por-industria/central-monitoreo/construccion,,,index,follow,,,,,,,
https://www.gard.cl/servicios-por-industria/central-monitoreo/transporte-y-logistica,,,index,follow,,,,,,,
https://www.gard.cl/servicios-por-industria/central-monitoreo/parques-industriales,,,index,follow,,,,,,,
https://www.gard.cl/servicios-por-industria/central-monitoreo/instituciones-publicas,,,index,follow,,,,,,,
https://www.gard.cl/servicios-por-industria/central-monitoreo/hoteleria-y-turismo,,,index,follow,,,,,,,
https://www.gard.cl/servicios-por-industria/drones-seguridad/mineria,,,index,follow,,,,,,,
https://www.gard.cl/servicios-por-industria/drones-seguridad/retail,,,index,follow,,,,,,,
https://www.gard.cl/servicios-por-industria/drones-seguridad/eventos-y-espectaculos,,,index,follow,,,,,,,
https://www.gard.cl/servicios-por-industria/drones-seguridad/bodegas,,,index,follow,,,,,,,
https://www.gard.cl/servicios-por-industria/drones-seguridad/salud,,,index,follow,,,,,,,
https://www.gard.cl/servicios-por-industria/drones-seguridad/educacion,,,index,follow,,,,,,,
https://www.gard.cl/servicios-por-industria/drones-seguridad/edificios-corporativos,,,index,follow,,,,,,,
https://www.gard.cl/servicios-por-industria/drones-seguridad/construccion,,,index,follow,,,,,,,
https://www.gard.cl/servicios-por-industria/drones-seguridad/transporte-y-logistica,,,index,follow,,,,,,,
https://www.gard.cl/servicios-por-industria/drones-seguridad/parques-industriales,,,index,follow,,,,,,,
https://www.gard.cl/servicios-por-industria/drones-seguridad/instituciones-publicas,,,index,follow,,,,,,,
https://www.gard.cl/servicios-por-industria/drones-seguridad/hoteleria-y-turismo,,,index,follow,,,,,,,
https://www.gard.cl/servicios-por-industria/seguridad-perimetral/mineria,,,index,follow,,,,,,,
https://www.gard.cl/servicios-por-industria/seguridad-perimetral/retail,,,index,follow,,,,,,,
https://www.gard.cl/servicios-por-industria/seguridad-perimetral/eventos-y-espectaculos,,,index,follow,,,,,,,
https://www.gard.cl/servicios-por-industria/seguridad-perimetral/bodegas,,,index,follow,,,,,,,
https://www.gard.cl/servicios-por-industria/seguridad-perimetral/salud,,,index,follow,,,,,,,
https://www.gard.cl/servicios-por-industria/seguridad-perimetral/educacion,,,index,follow,,,,,,,
https://www.gard.cl/servicios-por-industria/seguridad-perimetral/edificios-corporativos,,,index,follow,,,,,,,
https://www.gard.cl/servicios-por-industria/seguridad-perimetral/construccion,,,index,follow,,,,,,,
https://www.gard.cl/servicios-por-industria/seguridad-perimetral/transporte-y-logistica,,,index,follow,,,,,,,
https://www.gard.cl/servicios-por-industria/seguridad-perimetral/parques-industriales,,,index,follow,,,,,,,
https://www.gard.cl/servicios-por-industria/seguridad-perimetral/instituciones-publicas,,,index,follow,,,,,,,
https://www.gard.cl/servicios-por-industria/seguridad-perimetral/hoteleria-y-turismo,,,index,follow,,,,,,,
https://www.gard.cl/servicios-por-industria/auditoria-seguridad/mineria,,,index,follow,,,,,,,
https://www.gard.cl/servicios-por-industria/auditoria-seguridad/retail,,,index,follow,,,,,,,
https://www.gard.cl/servicios-por-industria/auditoria-seguridad/eventos-y-espectaculos,,,index,follow,,,,,,,
https://www.gard.cl/servicios-por-industria/auditoria-seguridad/bodegas,,,index,follow,,,,,,,
https://www.gard.cl/servicios-por-industria/auditoria-seguridad/salud,,,index,follow,,,,,,,
https://www.gard.cl/servicios-por-industria/auditoria-seguridad/educacion,,,index,follow,,,,,,,
https://www.gard.cl/servicios-por-industria/auditoria-seguridad/edificios-corporativos,,,index,follow,,,,,,,
https://www.gard.cl/servicios-por-industria/auditoria-seguridad/construccion,,,index,follow,,,,,,,
https://www.gard.cl/servicios-por-industria/auditoria-seguridad/transporte-y-logistica,,,index,follow,,,,,,,
https://www.gard.cl/servicios-por-industria/auditoria-seguridad/parques-industriales,,,index,follow,,,,,,,
https://www.gard.cl/servicios-por-industria/auditoria-seguridad/instituciones-publicas,,,index,follow,,,,,,,
https://www.gard.cl/servicios-por-industria/auditoria-seguridad/hoteleria-y-turismo,,,index,follow,,,,,,,
https://www.gard.cl/servicios-por-industria/consultoria/mineria,,,index,follow,,,,,,,
https://www.gard.cl/servicios-por-industria/consultoria/retail,,,index,follow,,,,,,,
https://www.gard.cl/servicios-por-industria/consultoria/eventos-y-espectaculos,,,index,follow,,,,,,,
https://www.gard.cl/servicios-por-industria/consultoria/bodegas,,,index,follow,,,,,,,
https://www.gard.cl/servicios-por-industria/consultoria/salud,,,index,follow,,,,,,,
https://www.gard.cl/servicios-por-industria/consultoria/educacion,,,index,follow,,,,,,,
https://www.gard.cl/servicios-por-industria/consultoria/edificios-corporativos,,,index,follow,,,,,,,
https://www.gard.cl/servicios-por-industria/consultoria/construccion,,,index,follow,,,,,,,
https://www.gard.cl/servicios-por-industria/consultoria/transporte-y-logistica,,,index,follow,,,,,,,
https://www.gard.cl/servicios-por-industria/consultoria/parques-industriales,,,index,follow,,,,,,,
https://www.gard.cl/servicios-por-industria/consultoria/instituciones-publicas,,,index,follow,,,,,,,
https://www.gard.cl/servicios-por-industria/consultoria/hoteleria-y-turismo,,,index,follow,,,,,,,
https://www.gard.cl/servicios-por-industria/prevencion-intrusiones/mineria,,,index,follow,,,,,,,
https://www.gard.cl/servicios-por-industria/prevencion-intrusiones/retail,,,index,follow,,,,,,,
https://www.gard.cl/servicios-por-industria/prevencion-intrusiones/eventos-y-espectaculos,,,index,follow,,,,,,,
https://www.gard.cl/servicios-por-industria/prevencion-intrusiones/bodegas,,,index,follow,,,,,,,
https://www.gard.cl/servicios-por-industria/prevencion-intrusiones/salud,,,index,follow,,,,,,,
https://www.gard.cl/servicios-por-industria/prevencion-intrusiones/educacion,,,index,follow,,,,,,,
https://www.gard.cl/servicios-por-industria/prevencion-intrusiones/edificios-corporativos,,,index,follow,,,,,,,
https://www.gard.cl/servicios-por-industria/prevencion-intrusiones/construccion,,,index,follow,,,,,,,
https://www.gard.cl/servicios-por-industria/prevencion-intrusiones/transporte-y-logistica,,,index,follow,,,,,,,
https://www.gard.cl/servicios-por-industria/prevencion-intrusiones/parques-industriales,,,index,follow,,,,,,,
https://www.gard.cl/servicios-por-industria/prevencion-intrusiones/instituciones-publicas,,,index,follow,,,,,,,
https://www.gard.cl/servicios-por-industria/prevencion-intrusiones/hoteleria-y-turismo,,,index,follow,,,,,,,
https://www.gard.cl/blog/guardias-de-seguridad-y-sustentabilidad,,,index,follow,,,,,,,
https://www.gard.cl/blog/mejores-empresas-seguridad-privada-santiago-2025,,,index,follow,,,,,,,
https://www.gard.cl/blog/como-proteger-tu-empresa-frente-a-los-turbazos-chile,,,index,follow,,,,,,,
https://www.gard.cl/blog/impacto-nueva-ley-seguridad-privada-empresas,,,index,follow,,,,,,,
https://www.gard.cl/blog/ranking-2025-las-empresas-de-guardias-de-seguridad-mas-confiables-en-chile,,,index,follow,,,,,,,
https://www.gard.cl/blog/cortes-de-luz-masivos-en-chile-la-importancia-de-la-seguridad-privada-en-emergencias,,,index,follow,,,,,,,
https://www.gard.cl/blog/guardias-de-seguridad-en-restaurantes,,,index,follow,,,,,,,
https://www.gard.cl/blog/innovacion-en-seguridad-privada-drones-en-seguridad,,,index,follow,,,,,,,
https://www.gard.cl/blog/control-migratorio,,,index,follow,,,,,,,
https://www.gard.cl/blog/seguridad-en-fiestas-patrias,,,index,follow,,,,,,,
https://www.gard.cl/blog/seguridad-en-supermercados,,,index,follow,,,,,,,
https://www.gard.cl/blog/seguridad-en-retail,,,index,follow,,,,,,,
https://www.gard.cl/blog/seguridad-en-industrias-criticas,,,index,follow,,,,,,,
https://www.gard.cl/blog/robo-hormiga,,,index,follow,,,,,,,
https://www.gard.cl/blog/crisis-de-delincuencia,,,index,follow,,,,,,,
https://www.gard.cl/blog/claves-en-la-seguridad-perimetral,,,index,follow,,,,,,,
https://www.gard.cl/blog/temporal-en-santiago-y-guardias-de-seguridad,,,index,follow,,,,,,,
https://www.gard.cl/blog/seguridad-privada-para-mineria,,,index,follow,,,,,,,
https://www.gard.cl/blog/seguridad-privada-para-industrias,,,index,follow,,,,,,,
https://www.gard.cl/blog/seguridad-privada-en-diferentes-industrias,,,index,follow,,,,,,,
https://www.gard.cl/blog/ley-karin-en-seguridad-privada,,,index,follow,,,,,,,
https://www.gard.cl/blog/importancia-de-los-guardias-de-seguridad-en-empresas-de-seguridad-privada,,,index,follow,,,,,,,
https://www.gard.cl/blog/inteligencia-artificial-en-seguridad-privada-revolucionando-la-proteccion-y-vigilancia,,,index,follow,,,,,,,
https://www.gard.cl/blog/comparativa-entre-g4s-y-securitas-cual-es-la-mejor-opcion-y-por-que-gard-se-destaca-en-chile,,,index,follow,,,,,,,
https://www.gard.cl/blog/control-de-rondas-online-beneficios-y-transparencia-en-la-seguridad-privada-con-gard,,,index,follow,,,,,,,
https://www.gard.cl/blog/los-beneficios-del-outsourcing-de-personal-de-seguridad-para-tu-empresa,,,index,follow,,,,,,,
https://www.gard.cl/blog/la-importancia-de-la-central-de-monitoreo-en-la-seguridad-de-empresas,,,index,follow,,,,,,,
https://www.gard.cl/blog/seguridad-electronica-descubre-las-soluciones,,,index,follow,,,,,,,
https://www.gard.cl/blog/empresas-de-seguridad-privada-servicios-beneficios-y-como-elegir-la-mejor-opcion,,,index,follow,,,,,,,
https://www.gard.cl/blog/como-la-seguridad-privada-y-los-guardias-de-seguridad-pueden-ayudar-durante-temporales-de-lluvia,,,index,follow,,,,,,,
https://www.gard.cl/blog/cotizar-servicios-de-seguridad-privada,,,index,follow,,,,,,,
https://www.gard.cl/blog/claves-para-elaborar-las-bases-de-licitacion-para-servicios-de-seguridad-privada,,,index,follow,,,,,,,
https://www.gard.cl/blog/inteligencia-artificial-en-la-seguridad-privada,,,index,follow,,,,,,,
https://www.gard.cl/blog/trabajo-de-guarida-de-seguridad,,,index,follow,,,,,,,
https://www.gard.cl/blog/como-elegir-la-mejor-empresa-de-seguridad-privada,,,index,follow,,,,,,,
https://www.gard.cl/blog/seguridad-de-alto-nivel-la-presencia-del-presidente-boric-en-el-clasico-del-futbol-chileno,,,index,follow,,,,,,,
https://www.gard.cl/blog/listado-de-empresas-de-seguridad-en-chile,,,index,follow,,,,,,,
https://www.gard.cl/blog/mejor-empresa-de-seguridad-chile,,,index,follow,,,,,,,
https://www.gard.cl/blog/acreditacion-os10,,,index,follow,,,,,,,
https://www.gard.cl/blog/la-vigilancia-actual-un-esfuerzo-compartido,,,index,follow,,,,,,,
https://www.gard.cl/blog/nueva-ley-de-seguridad-privada,,,index,follow,,,,,,,
https://www.gard.cl/blog/nueva-era-de-la-seguridad-privada-en-chile-implicaciones-de-la-reciente-ley-y-el-compromiso-de-gard-security,,,index,follow,,,,,,,
https://www.gard.cl/blog/prevencion-de-incendios-forestales,,,index,follow,,,,,,,
https://www.gard.cl/blog/principales-cualidades-y-caracteristicas-que-debe-tener-un-guardia-de-seguridad-2,,,index,follow,,,,,,,
https://www.gard.cl/blog/gard-security-la-mejor-empresa-de-seguridad-en-chile,,,index,follow,,,,,,,
https://www.gard.cl/blog/la-revolucion-de-la-seguridad-con-drones-el-futuro-de-la-vigilancia,,,index,follow,,,,,,,
https://www.gard.cl/blog/page/2,,,index,follow,,,,,,,
https://www.gard.cl/santiago/guardias-de-seguridad,,,index,follow,,,,,,,
https://www.gard.cl/santiago/seguridad-electronica,,,index,follow,,,,,,,
https://www.gard.cl/santiago/central-monitoreo,,,index,follow,,,,,,,
https://www.gard.cl/santiago/drones-seguridad,,,index,follow,,,,,,,
https://www.gard.cl/valparaiso/guardias-de-seguridad,,,index,follow,,,,,,,
https://www.gard.cl/valparaiso/seguridad-electronica,,,index,follow,,,,,,,
https://www.gard.cl/valparaiso/central-monitoreo,,,index,follow,,,,,,,
https://www.gard.cl/valparaiso/drones-seguridad,,,index,follow,,,,,,,
https://www.gard.cl/concepcion/guardias-de-seguridad,,,index,follow,,,,,,,
https://www.gard.cl/concepcion/seguridad-electronica,,,index,follow,,,,,,,
https://www.gard.cl/concepcion/central-monitoreo,,,index,follow,,,,,,,
https://www.gard.cl/concepcion/drones-seguridad,,,index,follow,,,,,,,
https://www.gard.cl/antofagasta/guardias-de-seguridad,,,index,follow,,,,,,,
https://www.gard.cl/antofagasta/seguridad-electronica,,,index,follow,,,,,,,
https://www.gard.cl/antofagasta/central-monitoreo,,,index,follow,,,,,,,
https://www.gard.cl/antofagasta/drones-seguridad,,,index,follow,,,,,,,
https://www.gard.cl/vina-del-mar/guardias-de-seguridad,,,index,follow,,,,,,,
https://www.gard.cl/vina-del-mar/seguridad-electronica,,,index,follow,,,,,,,
https://www.gard.cl/vina-del-mar/central-monitoreo,,,index,follow,,,,,,,
https://www.gard.cl/vina-del-mar/drones-seguridad,,,index,follow,,,,,,,
